{"loss/critic_loss": 9.429418881734213, "loss/actor_loss": -4.768371993553919e-10, "train/stochastic_reward": 0.8460388779640198, "train/success": 0.0, "sample_time": 1.2899018128712971, "_timestamp": 1716672775.3782418, "_runtime": 3019.9732818603516, "_step": 1072, "eval/episode_reward": 26.63651445804025, "eval/episode_reward_std": 32.055066091717, "eval/ep_success_mean": 0.0, "eval/ep_success_std": 0.0, "eval/episode_length": 36.666666666666664, "eval/episode_length_std": 18.873850222522755, "update/env_step": 1069.0, "_wandb": {"runtime": 3021}}