{"_wandb": {"runtime": 11}, "loss/critic_loss": 77.74236297607422, "loss/actor_loss": 38.892311096191406, "train/stochastic_reward": 0.46462202072143555, "train/success": 0.0, "sample_time": 5.214412689208984, "_timestamp": 1716085024.3615842, "_runtime": 10.02521824836731, "_step": 0}