{"loss/critic_loss": 345.96058253238084, "loss/actor_loss": 1.5591318528638136e-09, "train/stochastic_reward": 1.6239076099897685, "train/success": 0.0, "sample_time": 1.0823152943661336, "_timestamp": 1716666353.253526, "_runtime": 120.79360508918762, "_step": 68, "eval/episode_reward": 4.9764051583887525, "eval/episode_reward_std": 2.709021684210104, "eval/ep_success_mean": 0.0, "eval/ep_success_std": 0.0, "eval/episode_length": 9.333333333333334, "eval/episode_length_std": 3.2998316455372216, "update/env_step": 49.0, "_wandb": {"runtime": 121}}