{"loss/critic_loss": 33.95522816975912, "loss/actor_loss": -1.4106432873658057e-09, "train/stochastic_reward": 0.8725230495134989, "train/success": 0.0, "sample_time": 1.203609546025594, "_timestamp": 1716667131.8932574, "_runtime": 766.066778421402, "_step": 332, "eval/episode_reward": 2.2186281361197167, "eval/episode_reward_std": 0.1713769176848479, "eval/ep_success_mean": 0.0, "eval/ep_success_std": 0.0, "eval/episode_length": 6.333333333333333, "eval/episode_length_std": 0.4714045207910317, "update/env_step": 329.0, "_wandb": {"runtime": 767}}