{"loss/critic_loss": 554.114990234375, "loss/actor_loss": 1.6492605444303385e-07, "train/stochastic_reward": 1.591952880223592, "train/success": 0.0, "sample_time": 1.6223328113555908, "_timestamp": 1716670693.8214598, "_runtime": 2369.964738845825, "_step": 902, "eval/episode_reward": 37.55143812732933, "eval/episode_reward_std": 19.59336329045948, "eval/ep_success_mean": 0.0, "eval/ep_success_std": 0.0, "eval/episode_length": 60.333333333333336, "eval/episode_length_std": 20.75786330258702, "update/env_step": 899.0, "_wandb": {"runtime": 2371}}